{
    "sum_sensor": [
        10,
        10,
        10,
        10,
        10,
        10,
        10,
        10,
        10,
        10,
        10,
        10,
        10,
        10,
        10,
        10,
        10,
        10,
        10,
        10,
        10,
        10,
        10,
        10,
        8,
        7,
        7,
        7,
        7,
        7,
        7,
        7,
        7,
        0,
        0,
        0,
        0,
        0,
        0,
        0,
        0,
        0,
        0,
        0,
        0,
        0,
        0,
        0,
        0,
        0,
        0,
        0,
        7,
        0,
        0,
        0,
        10,
        10,
        10,
        10,
        10,
        10,
        10,
        10,
        10,
        10,
        10,
        10,
        10,
        10,
        10,
        10,
        10,
        10,
        10,
        10,
        10,
        10,
        10,
        10,
        10,
        10,
        10,
        10,
        10,
        10,
        10,
        10,
        11,
        10,
        10,
        10,
        10,
        10,
        10,
        10,
        7,
        7,
        7,
        7,
        7
    ],
    "sum_obs": [
        [
            -0.5301087498664856,
            0.0
        ],
        [
            -0.5265128884864122,
            -0.000481835203749001
        ],
        [
            -0.5254599355367059,
            0.003097878236101727
        ],
        [
            -0.5169078037514164,
            0.014195894660637351
        ],
        [
            -0.5075799619158982,
            0.02208957875338918
        ],
        [
            -0.49810932241213524,
            0.02600383249919859
        ],
        [
            -0.48845442450152743,
            0.027781567055929338
        ],
        [
            -0.4781391025957405,
            0.02881221570876357
        ],
        [
            -0.46686169127295135,
            0.029636945355587856
        ],
        [
            -0.45447816199720864,
            0.03035419345681476
        ],
        [
            -0.44109855965013206,
            0.030827075839240686
        ],
        [
            -0.4268373329026366,
            0.031205660293945746
        ],
        [
            -0.4117163357120175,
            0.03140615619825052
        ],
        [
            -0.39592680238708344,
            0.03139947220362804
        ],
        [
            -0.37954640570525733,
            0.03126407276653308
        ],
        [
            -0.36263345979512157,
            0.03096715415746119
        ],
        [
            -0.3453825864143609,
            0.03049993665187085
        ],
        [
            -0.3278904685488607,
            0.029857125580982295
        ],
        [
            -0.31023770321812805,
            0.02914121560959462
        ],
        [
            -0.2925341936691166,
            0.028270607756808768
        ],
        [
            -0.2749580830745435,
            0.02734269122304817
        ],
        [
            -0.2574228707381423,
            0.026311305771648898
        ],
        [
            -0.24021286487593072,
            0.02520057062654155
        ],
        [
            -0.22332351619203333,
            0.024044362326334525
        ],
        [
            -0.20681754598622065,
            0.022843949182564736
        ],
        [
            -0.1883036454383941,
            0.021837461758724103
        ],
        [
            -0.16258135073645924,
            0.02228460838931147
        ],
        [
            -0.1389742756939229,
            0.021209818713909215
        ],
        [
            -0.11752706401638463,
            0.01959544653147159
        ],
        [
            -0.09808557196738706,
            0.01794392650804814
        ],
        [
            -0.08058303297439887,
            0.016241393605516873
        ],
        [
            -0.06486633851507483,
            0.014726324787049709
        ],
        [
            -0.05184381366177942,
            0.011710454325743337
        ],
        [
            -0.042439364387345024,
            0.008023499235544832
        ],
        [
            -0.034011711680105236,
            0.00842765270723979
        ],
        [
            -0.025324231153401433,
            0.008687480526703803
        ],
        [
            -0.016492593142246215,
            0.008831638011155218
        ],
        [
            -0.007599778832243095,
            0.008892814310003121
        ],
        [
            0.0013060295955641859,
            0.008905808427807282
        ],
        [
            0.010212221807883037,
            0.00890619221231885
        ],
        [
            0.019141875481331797,
            0.008929653673448758
        ],
        [
            0.028153926414720615,
            0.009012050933388817
        ],
        [
            0.03734411018176467,
            0.00919018376704406
        ],
        [
            0.04684741904736737,
            0.009503308865602694
        ],
        [
            0.0568429070583965,
            0.009995488011029134
        ],
        [
            0.06756187777024236,
            0.010718970711845858
        ],
        [
            0.07930086753251478,
            0.011738989762272415
        ],
        [
            0.09244148916511741,
            0.013140621632602628
        ],
        [
            0.10748028118490911,
            0.015038792019791709
        ],
        [
            0.1250734701746873,
            0.017593188989778182
        ],
        [
            0.14610440618247686,
            0.021030936007789536
        ],
        [
            0.17178598505843679,
            0.025681578875959905
        ],
        [
            0.2038173710263328,
            0.032031385967896016
        ],
        [
            -0.3009465655248088,
            -0.05202070681336225
        ],
        [
            -0.3352470359952038,
            -0.034300470470395
        ],
        [
            -0.3483123129974245,
            -0.013065277002220727
        ],
        [
            -0.3387836268837563,
            0.009528686113668205
        ],
        [
            -0.9313086657690149,
            -0.02104051770546194
        ],
        [
            -0.9748524075879919,
            -0.03091638944470811
        ],
        [
            -1.0170362473662828,
            -0.03242810654279411
        ],
        [
            -1.055653747444358,
            -0.03313506032300852
        ],
        [
            -1.090487116128748,
            -0.033851085337036166
        ],
        [
            -1.1212021955843365,
            -0.03435469300524881
        ],
        [
            -1.1478786749163068,
            -0.034671828668406166
        ],
        [
            -1.1704911597434784,
            -0.03462793699512859
        ],
        [
            -1.189000771070337,
            -0.034135803656780185
        ],
        [
            -1.2034557960994505,
            -0.03310572590414957
        ],
        [
            -1.2111504535925004,
            -0.026913992395664735
        ],
        [
            -1.2088075300741528,
            -0.021683386973945465
        ],
        [
            -1.2013422516939887,
            -0.01696158195753606
        ],
        [
            -1.1896081355411958,
            -0.012069450465190305
        ],
        [
            -1.1738237413405332,
            -0.006715557800596891
        ],
        [
            -1.1539315560842949,
            -0.0007905937960510437
        ],
        [
            -1.1298883414799554,
            0.005672077430560276
        ],
        [
            -1.1016865713360766,
            0.01272615129770099
        ],
        [
            -1.0691523645418128,
            0.020307485202916052
        ],
        [
            -1.032359890832574,
            0.028390907967846275
        ],
        [
            -0.9913784751143292,
            0.03686060007949283
